Workbook

Sheet 20 ma da xac minh
A1: STT | B1: Nhóm | C1: Mã CN (biểu EVFTA) | D1: Mô tả | E1: Thuế cơ sở / MFN tham chiếu | F1: Nhóm lộ trình EVFTA | G1: Thuế EVFTA năm tính | H1: Tiết kiệm trên lô minh hoạ (EUR) | I1: Quy tắc xuất xứ – nguyên văn Annex II | J1: Diễn giải quy tắc | K1: Loại logic cho máy tính RoO | L1: Câu hỏi máy tính phải hỏi | M1: Thao tác KHÔNG tạo xuất xứ (Điều 6) liên quan | N1: Dung sai (Điều 5) | O1: Rủi ro xuất xứ thực tế (phân tích) | P1: Luật sư xác nhận | Q1: Ghi chú
A2: 1 | B2: Thuỷ sản | C2: 03061792 | D2: Tôm chi Penaeus đông lạnh | E2: 0.12 | F2: A | G2: =IF(E2=0,0,E2*(1-MIN(INDEX('Tham so'!$B$7:$B$10,MATCH(F2,'Tham so'!$A$7:$A$10,0)),'Tham so'!$B$3-2019)/INDEX('Tham so'!$B$7:$B$10,MATCH(F2,'Tham so'!$A$7:$A$10,0)))) -> 0 | H2: ='Tham so'!$B$4*(E2-G2) -> 12000 | I2: All fish and crustaceans, molluscs and other aquatic invertebrates are wholly obtained. (ex Chapter 3) | J2: Sản phẩm phải có xuất xứ thuần tuý: nuôi/đánh bắt tại VN hoặc bởi tàu đủ điều kiện | K2: Xuất xứ thuần tuý (có/không) | L2: 1) Nguyên liệu nuôi tại VN (từ trứng/giống/ấu trùng) hay đánh bắt tại VN? 2) Có dùng nguyên liệu nhập khẩu không? | M2: Đông lạnh, bảo quản; phân loại; đóng gói đơn giản | N2: Không áp dụng nếu là sản phẩm có xuất xứ thuần tuý (Điều 5.5); với phi lê 0304 cần luật sư xác nhận Chương 3 thuộc Điều 5.3(a) hay (b) | O2: Tôm nuôi từ tôm giống nhập khẩu VẪN đạt (Điều 4.1(g): nuôi tại VN từ ấu trùng). Tôm nguyên liệu nhập khẩu để sơ chế KHÔNG đạt
A3: 2 | B3: Thuỷ sản | C3: 03061799 | D3: Tôm loại khác, đông lạnh | E3: 0.12 | F3: A | G3: =IF(E3=0,0,E3*(1-MIN(INDEX('Tham so'!$B$7:$B$10,MATCH(F3,'Tham so'!$A$7:$A$10,0)),'Tham so'!$B$3-2019)/INDEX('Tham so'!$B$7:$B$10,MATCH(F3,'Tham so'!$A$7:$A$10,0)))) -> 0 | H3: ='Tham so'!$B$4*(E3-G3) -> 12000 | I3: All fish and crustaceans, molluscs and other aquatic invertebrates are wholly obtained. (ex Chapter 3) | J3: Sản phẩm phải có xuất xứ thuần tuý: nuôi/đánh bắt tại VN hoặc bởi tàu đủ điều kiện | K3: Xuất xứ thuần tuý (có/không) | L3: 1) Nguyên liệu nuôi tại VN (từ trứng/giống/ấu trùng) hay đánh bắt tại VN? 2) Có dùng nguyên liệu nhập khẩu không? | M3: Đông lạnh, bảo quản; phân loại; đóng gói đơn giản | N3: Không áp dụng nếu là sản phẩm có xuất xứ thuần tuý (Điều 5.5); với phi lê 0304 cần luật sư xác nhận Chương 3 thuộc Điều 5.3(a) hay (b) | O3: Như trên
A4: 3 | B4: Thuỷ sản | C4: 03046200 | D4: Phi lê cá tra đông lạnh | E4: 0.055 | F4: B3 | G4: =IF(E4=0,0,E4*(1-MIN(INDEX('Tham so'!$B$7:$B$10,MATCH(F4,'Tham so'!$A$7:$A$10,0)),'Tham so'!$B$3-2019)/INDEX('Tham so'!$B$7:$B$10,MATCH(F4,'Tham so'!$A$7:$A$10,0)))) -> 0 | H4: ='Tham so'!$B$4*(E4-G4) -> 5500 | I4: Manufacture in which all the materials of Chapter 3 used are wholly obtained. (0304) | J4: Mọi cá/nguyên liệu Chương 3 dùng để làm phi lê phải có xuất xứ thuần tuý | K4: Nguyên liệu xuất xứ thuần tuý (có/không) | L4: 1) Nguyên liệu nuôi tại VN (từ trứng/giống/ấu trùng) hay đánh bắt tại VN? 2) Có dùng nguyên liệu nhập khẩu không? | M4: Đông lạnh, bảo quản; phân loại; đóng gói đơn giản | N4: Không áp dụng nếu là sản phẩm có xuất xứ thuần tuý (Điều 5.5); với phi lê 0304 cần luật sư xác nhận Chương 3 thuộc Điều 5.3(a) hay (b) | O4: Thấp: cá tra nuôi trong nước | Q4: Đối chiếu MFN hiện hành trên TARIC
A5: 4 | B5: Thuỷ sản | C5: 03043200 | D5: Phi lê cá tra tươi/ướp lạnh | E5: 0.09 | F5: B3 | G5: =IF(E5=0,0,E5*(1-MIN(INDEX('Tham so'!$B$7:$B$10,MATCH(F5,'Tham so'!$A$7:$A$10,0)),'Tham so'!$B$3-2019)/INDEX('Tham so'!$B$7:$B$10,MATCH(F5,'Tham so'!$A$7:$A$10,0)))) -> 0 | H5: ='Tham so'!$B$4*(E5-G5) -> 9000 | I5: Manufacture in which all the materials of Chapter 3 used are wholly obtained. (0304) | J5: Mọi cá/nguyên liệu Chương 3 dùng để làm phi lê phải có xuất xứ thuần tuý | K5: Nguyên liệu xuất xứ thuần tuý (có/không) | L5: 1) Nguyên liệu nuôi tại VN (từ trứng/giống/ấu trùng) hay đánh bắt tại VN? 2) Có dùng nguyên liệu nhập khẩu không? | M5: Đông lạnh, bảo quản; phân loại; đóng gói đơn giản | N5: Không áp dụng nếu là sản phẩm có xuất xứ thuần tuý (Điều 5.5); với phi lê 0304 cần luật sư xác nhận Chương 3 thuộc Điều 5.3(a) hay (b) | O5: Thấp
A6: 5 | B6: Thuỷ sản | C6: 03032400 | D6: Cá tra/cá da trơn nguyên con đông lạnh | E6: 0.08 | F6: B3 | G6: =IF(E6=0,0,E6*(1-MIN(INDEX('Tham so'!$B$7:$B$10,MATCH(F6,'Tham so'!$A$7:$A$10,0)),'Tham so'!$B$3-2019)/INDEX('Tham so'!$B$7:$B$10,MATCH(F6,'Tham so'!$A$7:$A$10,0)))) -> 0 | H6: ='Tham so'!$B$4*(E6-G6) -> 8000 | I6: All fish and crustaceans, molluscs and other aquatic invertebrates are wholly obtained. (ex Chapter 3) | J6: Sản phẩm phải có xuất xứ thuần tuý: nuôi/đánh bắt tại VN hoặc bởi tàu đủ điều kiện | K6: Xuất xứ thuần tuý (có/không) | L6: 1) Nguyên liệu nuôi tại VN (từ trứng/giống/ấu trùng) hay đánh bắt tại VN? 2) Có dùng nguyên liệu nhập khẩu không? | M6: Đông lạnh, bảo quản; phân loại; đóng gói đơn giản | N6: Không áp dụng nếu là sản phẩm có xuất xứ thuần tuý (Điều 5.5); với phi lê 0304 cần luật sư xác nhận Chương 3 thuộc Điều 5.3(a) hay (b) | O6: Thấp
A7: 6 | B7: Thuỷ sản | C7: 03048700 | D7: Phi lê cá ngừ đông lạnh | E7: 0.18 | F7: B3 | G7: =IF(E7=0,0,E7*(1-MIN(INDEX('Tham so'!$B$7:$B$10,MATCH(F7,'Tham so'!$A$7:$A$10,0)),'Tham so'!$B$3-2019)/INDEX('Tham so'!$B$7:$B$10,MATCH(F7,'Tham so'!$A$7:$A$10,0)))) -> 0 | H7: ='Tham so'!$B$4*(E7-G7) -> 18000 | I7: Manufacture in which all the materials of Chapter 3 used are wholly obtained. (0304) | J7: Mọi cá/nguyên liệu Chương 3 dùng để làm phi lê phải có xuất xứ thuần tuý | K7: Nguyên liệu xuất xứ thuần tuý + điều kiện tàu | L7: 1) Tàu đánh bắt đăng ký & mang cờ VN/EU? 2) Sở hữu ≥50% bởi công dân/pháp nhân VN/EU? 3) Có dùng cá nhập khẩu không? | M7: Đông lạnh, bảo quản; phân loại; đóng gói đơn giản | N7: Không áp dụng nếu là sản phẩm có xuất xứ thuần tuý (Điều 5.5); với phi lê 0304 cần luật sư xác nhận Chương 3 thuộc Điều 5.3(a) hay (b) | O7: Cao: cá ngừ nhập khẩu hoặc do tàu không đủ điều kiện sở hữu/cờ (Điều 4.2) KHÔNG đạt | Q7: Kèm yêu cầu IUU (giấy chứng nhận khai thác)
A8: 7 | B8: Thuỷ sản | C8: 03034290 | D8: Cá ngừ vây vàng đông lạnh nguyên con (không dùng cho chế biến 1604) | E8: 0.22 | F8: A | G8: =IF(E8=0,0,E8*(1-MIN(INDEX('Tham so'!$B$7:$B$10,MATCH(F8,'Tham so'!$A$7:$A$10,0)),'Tham so'!$B$3-2019)/INDEX('Tham so'!$B$7:$B$10,MATCH(F8,'Tham so'!$A$7:$A$10,0)))) -> 0 | H8: ='Tham so'!$B$4*(E8-G8) -> 22000 | I8: All fish and crustaceans, molluscs and other aquatic invertebrates are wholly obtained. (ex Chapter 3) | J8: Sản phẩm phải có xuất xứ thuần tuý: nuôi/đánh bắt tại VN hoặc bởi tàu đủ điều kiện | K8: Xuất xứ thuần tuý + điều kiện tàu | L8: 1) Tàu đánh bắt đăng ký & mang cờ VN/EU? 2) Sở hữu ≥50% bởi công dân/pháp nhân VN/EU? 3) Có dùng cá nhập khẩu không? | M8: Đông lạnh, bảo quản; phân loại; đóng gói đơn giản | N8: Không áp dụng nếu là sản phẩm có xuất xứ thuần tuý (Điều 5.5); với phi lê 0304 cần luật sư xác nhận Chương 3 thuộc Điều 5.3(a) hay (b) | O8: Cao (như trên) | Q8: Kèm yêu cầu IUU
A9: 8 | B9: Thuỷ sản | C9: 03077100 | D9: Nghêu, sò, điệp… sống/tươi/ướp lạnh | E9: 0.11 | F9: A | G9: =IF(E9=0,0,E9*(1-MIN(INDEX('Tham so'!$B$7:$B$10,MATCH(F9,'Tham so'!$A$7:$A$10,0)),'Tham so'!$B$3-2019)/INDEX('Tham so'!$B$7:$B$10,MATCH(F9,'Tham so'!$A$7:$A$10,0)))) -> 0 | H9: ='Tham so'!$B$4*(E9-G9) -> 11000 | I9: All fish and crustaceans, molluscs and other aquatic invertebrates are wholly obtained. (ex Chapter 3) | J9: Sản phẩm phải có xuất xứ thuần tuý: nuôi/đánh bắt tại VN hoặc bởi tàu đủ điều kiện | K9: Xuất xứ thuần tuý (có/không) | L9: 1) Nguyên liệu nuôi tại VN (từ trứng/giống/ấu trùng) hay đánh bắt tại VN? 2) Có dùng nguyên liệu nhập khẩu không? | M9: Đông lạnh, bảo quản; phân loại; đóng gói đơn giản | N9: Không áp dụng nếu là sản phẩm có xuất xứ thuần tuý (Điều 5.5); với phi lê 0304 cần luật sư xác nhận Chương 3 thuộc Điều 5.3(a) hay (b) | O9: Thấp nếu nuôi/khai thác tại VN | Q9: Kiểm tra vùng nuôi được EU công nhận
A10: 9 | B10: Rau, nấm | C10: 07123200 | D10: Mộc nhĩ (Auricularia) khô | E10: 0.128 | F10: A | G10: =IF(E10=0,0,E10*(1-MIN(INDEX('Tham so'!$B$7:$B$10,MATCH(F10,'Tham so'!$A$7:$A$10,0)),'Tham so'!$B$3-2019)/INDEX('Tham so'!$B$7:$B$10,MATCH(F10,'Tham so'!$A$7:$A$10,0)))) -> 0 | H10: ='Tham so'!$B$4*(E10-G10) -> 12800 | I10: Manufacture in which all the materials of Chapter 7 used are wholly obtained. (Chapter 7) | J10: Mọi nguyên liệu Chương 7 phải có xuất xứ thuần tuý (trồng, thu hoạch tại VN/EU) | K10: Nguyên liệu xuất xứ thuần tuý (có/không, dung sai 10%) | L10: 1) Nguyên liệu trồng tại VN? 2) Có nguyên liệu Chương 7 nhập khẩu không, tỷ trọng bao nhiêu? | M10: Bảo quản; làm sạch; cắt đơn giản; phân loại; đóng gói đơn giản; làm khô đơn giản | N10: Tối đa 10% trọng lượng hoặc giá xuất xưởng cho nguyên liệu không đạt (Điều 5.3(a)); không áp dụng cho sản phẩm xuất xứ thuần tuý | O10: Nhập nấm khô từ Trung Quốc rồi đóng gói lại KHÔNG đạt (vừa không thuần tuý, vừa là thao tác đơn giản) | Q10: Trồng từ meo giống nhập vẫn đạt (Ghi chú 4.1 – cần luật sư xác nhận áp dụng cho nấm)
A11: 10 | B11: Rau, nấm | C11: 07123900 | D11: Nấm khô loại khác (nấm hương…) | E11: 0.128 | F11: A | G11: =IF(E11=0,0,E11*(1-MIN(INDEX('Tham so'!$B$7:$B$10,MATCH(F11,'Tham so'!$A$7:$A$10,0)),'Tham so'!$B$3-2019)/INDEX('Tham so'!$B$7:$B$10,MATCH(F11,'Tham so'!$A$7:$A$10,0)))) -> 0 | H11: ='Tham so'!$B$4*(E11-G11) -> 12800 | I11: Manufacture in which all the materials of Chapter 7 used are wholly obtained. (Chapter 7) | J11: Mọi nguyên liệu Chương 7 phải có xuất xứ thuần tuý (trồng, thu hoạch tại VN/EU) | K11: Nguyên liệu xuất xứ thuần tuý (có/không, dung sai 10%) | L11: 1) Nguyên liệu trồng tại VN? 2) Có nguyên liệu Chương 7 nhập khẩu không, tỷ trọng bao nhiêu? | M11: Bảo quản; làm sạch; cắt đơn giản; phân loại; đóng gói đơn giản; làm khô đơn giản | N11: Tối đa 10% trọng lượng hoặc giá xuất xưởng cho nguyên liệu không đạt (Điều 5.3(a)); không áp dụng cho sản phẩm xuất xứ thuần tuý | O11: Như trên
A12: 11 | B12: Rau, nấm | C12: 07108069 | D12: Nấm đông lạnh loại khác | E12: 0.144 | F12: A | G12: =IF(E12=0,0,E12*(1-MIN(INDEX('Tham so'!$B$7:$B$10,MATCH(F12,'Tham so'!$A$7:$A$10,0)),'Tham so'!$B$3-2019)/INDEX('Tham so'!$B$7:$B$10,MATCH(F12,'Tham so'!$A$7:$A$10,0)))) -> 0 | H12: ='Tham so'!$B$4*(E12-G12) -> 14400 | I12: Manufacture in which all the materials of Chapter 7 used are wholly obtained. (Chapter 7) | J12: Mọi nguyên liệu Chương 7 phải có xuất xứ thuần tuý (trồng, thu hoạch tại VN/EU) | K12: Nguyên liệu xuất xứ thuần tuý (có/không, dung sai 10%) | L12: 1) Nguyên liệu trồng tại VN? 2) Có nguyên liệu Chương 7 nhập khẩu không, tỷ trọng bao nhiêu? | M12: Bảo quản; làm sạch; cắt đơn giản; phân loại; đóng gói đơn giản; làm khô đơn giản | N12: Tối đa 10% trọng lượng hoặc giá xuất xưởng cho nguyên liệu không đạt (Điều 5.3(a)); không áp dụng cho sản phẩm xuất xứ thuần tuý | O12: Trung bình: kiểm soát nguồn nấm tươi
A13: 12 | B13: Rau, nấm | C13: 07108095 | D13: Rau đông lạnh loại khác (đậu bắp, rau muống…) | E13: 0.144 | F13: A | G13: =IF(E13=0,0,E13*(1-MIN(INDEX('Tham so'!$B$7:$B$10,MATCH(F13,'Tham so'!$A$7:$A$10,0)),'Tham so'!$B$3-2019)/INDEX('Tham so'!$B$7:$B$10,MATCH(F13,'Tham so'!$A$7:$A$10,0)))) -> 0 | H13: ='Tham so'!$B$4*(E13-G13) -> 14400 | I13: Manufacture in which all the materials of Chapter 7 used are wholly obtained. (Chapter 7) | J13: Mọi nguyên liệu Chương 7 phải có xuất xứ thuần tuý (trồng, thu hoạch tại VN/EU) | K13: Nguyên liệu xuất xứ thuần tuý (có/không, dung sai 10%) | L13: 1) Nguyên liệu trồng tại VN? 2) Có nguyên liệu Chương 7 nhập khẩu không, tỷ trọng bao nhiêu? | M13: Bảo quản; làm sạch; cắt đơn giản; phân loại; đóng gói đơn giản; làm khô đơn giản | N13: Tối đa 10% trọng lượng hoặc giá xuất xưởng cho nguyên liệu không đạt (Điều 5.3(a)); không áp dụng cho sản phẩm xuất xứ thuần tuý | O13: Thấp
A14: 13 | B14: Rau, nấm | C14: 07096099 | D14: Ớt tươi (chi Capsicum/Pimenta) loại khác | E14: 0.064 | F14: A | G14: =IF(E14=0,0,E14*(1-MIN(INDEX('Tham so'!$B$7:$B$10,MATCH(F14,'Tham so'!$A$7:$A$10,0)),'Tham so'!$B$3-2019)/INDEX('Tham so'!$B$7:$B$10,MATCH(F14,'Tham so'!$A$7:$A$10,0)))) -> 0 | H14: ='Tham so'!$B$4*(E14-G14) -> 6400 | I14: Manufacture in which all the materials of Chapter 7 used are wholly obtained. (Chapter 7) | J14: Mọi nguyên liệu Chương 7 phải có xuất xứ thuần tuý (trồng, thu hoạch tại VN/EU) | K14: Nguyên liệu xuất xứ thuần tuý (có/không, dung sai 10%) | L14: 1) Nguyên liệu trồng tại VN? 2) Có nguyên liệu Chương 7 nhập khẩu không, tỷ trọng bao nhiêu? | M14: Bảo quản; làm sạch; cắt đơn giản; phân loại; đóng gói đơn giản; làm khô đơn giản | N14: Tối đa 10% trọng lượng hoặc giá xuất xưởng cho nguyên liệu không đạt (Điều 5.3(a)); không áp dụng cho sản phẩm xuất xứ thuần tuý | O14: Thấp | Q14: Kiểm tra diện kiểm soát dư lượng tăng cường
A15: 14 | B15: Trái cây | C15: 08106000 | D15: Sầu riêng tươi | E15: 0.088 | F15: A | G15: =IF(E15=0,0,E15*(1-MIN(INDEX('Tham so'!$B$7:$B$10,MATCH(F15,'Tham so'!$A$7:$A$10,0)),'Tham so'!$B$3-2019)/INDEX('Tham so'!$B$7:$B$10,MATCH(F15,'Tham so'!$A$7:$A$10,0)))) -> 0 | H15: ='Tham so'!$B$4*(E15-G15) -> 8800 | I15: Manufacture in which: all the fruit, nuts and peels of citrus fruits or melons of Chapter 8 used are wholly obtained; and the weight of sugar used does not exceed 20 % of the weight of the final product. (Chapter 8) | J15: Mọi quả, hạt Chương 8 phải có xuất xứ thuần tuý VÀ đường ≤ 20% trọng lượng thành phẩm | K15: Nguyên liệu thuần tuý + ngưỡng đường 20% | L15: 1) Quả trồng tại VN? 2) Có quả nhập khẩu không? 3) Tỷ lệ đường thêm vào (% trọng lượng)? | M15: Bóc vỏ, bỏ hạt, tách vỏ quả/hạt; bảo quản; phân loại; đóng gói | N15: Tối đa 10% trọng lượng hoặc giá xuất xưởng cho nguyên liệu không đạt (Điều 5.3(a)); không áp dụng cho sản phẩm xuất xứ thuần tuý | O15: Thấp
A16: 15 | B16: Trái cây | C16: 08109075 | D16: Trái cây tươi loại khác (nhãn, chôm chôm…) | E16: 0.088 | F16: A | G16: =IF(E16=0,0,E16*(1-MIN(INDEX('Tham so'!$B$7:$B$10,MATCH(F16,'Tham so'!$A$7:$A$10,0)),'Tham so'!$B$3-2019)/INDEX('Tham so'!$B$7:$B$10,MATCH(F16,'Tham so'!$A$7:$A$10,0)))) -> 0 | H16: ='Tham so'!$B$4*(E16-G16) -> 8800 | I16: Manufacture in which: all the fruit, nuts and peels of citrus fruits or melons of Chapter 8 used are wholly obtained; and the weight of sugar used does not exceed 20 % of the weight of the final product. (Chapter 8) | J16: Mọi quả, hạt Chương 8 phải có xuất xứ thuần tuý VÀ đường ≤ 20% trọng lượng thành phẩm | K16: Nguyên liệu thuần tuý + ngưỡng đường 20% | L16: 1) Quả trồng tại VN? 2) Có quả nhập khẩu không? 3) Tỷ lệ đường thêm vào (% trọng lượng)? | M16: Bóc vỏ, bỏ hạt, tách vỏ quả/hạt; bảo quản; phân loại; đóng gói | N16: Tối đa 10% trọng lượng hoặc giá xuất xưởng cho nguyên liệu không đạt (Điều 5.3(a)); không áp dụng cho sản phẩm xuất xứ thuần tuý | O16: Thấp | Q16: Xác nhận phân loại từng loại quả
A17: 16 | B17: Trái cây | C17: 08119085 | D17: Trái cây nhiệt đới đông lạnh, không thêm đường | E17: 0.09 | F17: A | G17: =IF(E17=0,0,E17*(1-MIN(INDEX('Tham so'!$B$7:$B$10,MATCH(F17,'Tham so'!$A$7:$A$10,0)),'Tham so'!$B$3-2019)/INDEX('Tham so'!$B$7:$B$10,MATCH(F17,'Tham so'!$A$7:$A$10,0)))) -> 0 | H17: ='Tham so'!$B$4*(E17-G17) -> 9000 | I17: Manufacture in which: all the fruit, nuts and peels of citrus fruits or melons of Chapter 8 used are wholly obtained; and the weight of sugar used does not exceed 20 % of the weight of the final product. (Chapter 8) | J17: Mọi quả, hạt Chương 8 phải có xuất xứ thuần tuý VÀ đường ≤ 20% trọng lượng thành phẩm | K17: Nguyên liệu thuần tuý + ngưỡng đường 20% | L17: 1) Quả trồng tại VN? 2) Có quả nhập khẩu không? 3) Tỷ lệ đường thêm vào (% trọng lượng)? | M17: Bóc vỏ, bỏ hạt, tách vỏ quả/hạt; bảo quản; phân loại; đóng gói | N17: Tối đa 10% trọng lượng hoặc giá xuất xưởng cho nguyên liệu không đạt (Điều 5.3(a)); không áp dụng cho sản phẩm xuất xứ thuần tuý | O17: Trung bình: nhà máy có thể trộn quả nhập khẩu
A18: 17 | B18: Trái cây | C18: 08043000 | D18: Dứa tươi hoặc khô | E18: 0.058 | F18: A | G18: =IF(E18=0,0,E18*(1-MIN(INDEX('Tham so'!$B$7:$B$10,MATCH(F18,'Tham so'!$A$7:$A$10,0)),'Tham so'!$B$3-2019)/INDEX('Tham so'!$B$7:$B$10,MATCH(F18,'Tham so'!$A$7:$A$10,0)))) -> 0 | H18: ='Tham so'!$B$4*(E18-G18) -> 5800 | I18: Manufacture in which: all the fruit, nuts and peels of citrus fruits or melons of Chapter 8 used are wholly obtained; and the weight of sugar used does not exceed 20 % of the weight of the final product. (Chapter 8) | J18: Mọi quả, hạt Chương 8 phải có xuất xứ thuần tuý VÀ đường ≤ 20% trọng lượng thành phẩm | K18: Nguyên liệu thuần tuý + ngưỡng đường 20% | L18: 1) Quả trồng tại VN? 2) Có quả nhập khẩu không? 3) Tỷ lệ đường thêm vào (% trọng lượng)? | M18: Bóc vỏ, bỏ hạt, tách vỏ quả/hạt; bảo quản; phân loại; đóng gói | N18: Tối đa 10% trọng lượng hoặc giá xuất xưởng cho nguyên liệu không đạt (Điều 5.3(a)); không áp dụng cho sản phẩm xuất xứ thuần tuý | O18: Thấp
A19: 18 | B19: Trái cây | C19: 08055090 | D19: Chanh (limes) tươi hoặc khô | E19: 0.128 | F19: A | G19: =IF(E19=0,0,E19*(1-MIN(INDEX('Tham so'!$B$7:$B$10,MATCH(F19,'Tham so'!$A$7:$A$10,0)),'Tham so'!$B$3-2019)/INDEX('Tham so'!$B$7:$B$10,MATCH(F19,'Tham so'!$A$7:$A$10,0)))) -> 0 | H19: ='Tham so'!$B$4*(E19-G19) -> 12800 | I19: Manufacture in which: all the fruit, nuts and peels of citrus fruits or melons of Chapter 8 used are wholly obtained; and the weight of sugar used does not exceed 20 % of the weight of the final product. (Chapter 8) | J19: Mọi quả, hạt Chương 8 phải có xuất xứ thuần tuý VÀ đường ≤ 20% trọng lượng thành phẩm | K19: Nguyên liệu thuần tuý + ngưỡng đường 20% | L19: 1) Quả trồng tại VN? 2) Có quả nhập khẩu không? 3) Tỷ lệ đường thêm vào (% trọng lượng)? | M19: Bóc vỏ, bỏ hạt, tách vỏ quả/hạt; bảo quản; phân loại; đóng gói | N19: Tối đa 10% trọng lượng hoặc giá xuất xưởng cho nguyên liệu không đạt (Điều 5.3(a)); không áp dụng cho sản phẩm xuất xứ thuần tuý | O19: Thấp
A20: 19 | B20: Tham chiếu 0% | C20: 08013200 | D20: Hạt điều đã bóc vỏ | E20: 0 | F20: A | G20: =IF(E20=0,0,E20*(1-MIN(INDEX('Tham so'!$B$7:$B$10,MATCH(F20,'Tham so'!$A$7:$A$10,0)),'Tham so'!$B$3-2019)/INDEX('Tham so'!$B$7:$B$10,MATCH(F20,'Tham so'!$A$7:$A$10,0)))) -> 0 | H20: ='Tham so'!$B$4*(E20-G20) -> 0 | I20: Manufacture in which: all the fruit, nuts and peels of citrus fruits or melons of Chapter 8 used are wholly obtained; and the weight of sugar used does not exceed 20 % of the weight of the final product. (Chapter 8) | J20: Mọi quả, hạt Chương 8 phải có xuất xứ thuần tuý VÀ đường ≤ 20% trọng lượng thành phẩm | K20: Nguyên liệu thuần tuý + ngưỡng đường 20% | L20: 1) Quả trồng tại VN? 2) Có quả nhập khẩu không? 3) Tỷ lệ đường thêm vào (% trọng lượng)? | M20: Bóc vỏ, bỏ hạt, tách vỏ quả/hạt; bảo quản; phân loại; đóng gói | N20: Tối đa 10% trọng lượng hoặc giá xuất xưởng cho nguyên liệu không đạt (Điều 5.3(a)); không áp dụng cho sản phẩm xuất xứ thuần tuý | O20: Điều nhân từ điều thô nhập khẩu KHÔNG đạt (bóc vỏ là thao tác không đủ) – không ảnh hưởng thuế vì 0% | Q20: Giữ để minh hoạ: kim ngạch lớn nhưng tiết kiệm bằng 0
A21: 20 | B21: Tham chiếu 0% | C21: 08109020 | D21: Thanh long, vải, chanh leo, mít, khế… tươi | E21: 0 | F21: A | G21: =IF(E21=0,0,E21*(1-MIN(INDEX('Tham so'!$B$7:$B$10,MATCH(F21,'Tham so'!$A$7:$A$10,0)),'Tham so'!$B$3-2019)/INDEX('Tham so'!$B$7:$B$10,MATCH(F21,'Tham so'!$A$7:$A$10,0)))) -> 0 | H21: ='Tham so'!$B$4*(E21-G21) -> 0 | I21: Manufacture in which: all the fruit, nuts and peels of citrus fruits or melons of Chapter 8 used are wholly obtained; and the weight of sugar used does not exceed 20 % of the weight of the final product. (Chapter 8) | J21: Mọi quả, hạt Chương 8 phải có xuất xứ thuần tuý VÀ đường ≤ 20% trọng lượng thành phẩm | K21: Nguyên liệu thuần tuý + ngưỡng đường 20% | L21: 1) Quả trồng tại VN? 2) Có quả nhập khẩu không? 3) Tỷ lệ đường thêm vào (% trọng lượng)? | M21: Bóc vỏ, bỏ hạt, tách vỏ quả/hạt; bảo quản; phân loại; đóng gói | N21: Tối đa 10% trọng lượng hoặc giá xuất xưởng cho nguyên liệu không đạt (Điều 5.3(a)); không áp dụng cho sản phẩm xuất xứ thuần tuý | O21: Thấp | Q21: Giá trị nằm ở kiểm dịch, không ở thuế
A23: Mức xác minh: Thuế cơ sở và nhóm lộ trình = biểu cam kết EU (Appendix 2-A-1, cột Base rate/Category). Quy tắc xuất xứ = nguyên văn Annex II Nghị định thư 1 EVFTA. Điều 4, 5, 6 = Nghị định thư 1.
A24: Thuế cơ sở là thuế CCT ngày 26/6/2012; dùng làm MFN tham chiếu. Trước khi go-live cần đối chiếu mức MFN hiện hành trên TARIC (cột E, chữ xanh).
A25: Mã CN theo danh mục 2012 của biểu cam kết; cần đối chiếu mã CN 2026 trước khi nạp vào hệ thống.
A26: Cột 'Diễn giải', 'Câu hỏi', 'Rủi ro' là phân tích của nhóm, không phải văn bản pháp lý – cần luật sư thương mại duyệt (cột vàng).

Sheet 3 nuoc DE-FR-NL
A1: STT | B1: Mã CN | C1: Mô tả | D1: Thuế nhập khẩu EVFTA (giống nhau ở 27 nước) | E1: Quy tắc xuất xứ (giống nhau ở 27 nước) | F1: VAT DE | G1: VAT FR | H1: VAT NL | I1: VAT nhập khẩu DE – có C/O (EUR) | J1: VAT nhập khẩu FR – có C/O (EUR) | K1: VAT nhập khẩu NL – có C/O (EUR) | L1: Tổng thuế + VAT DE – KHÔNG có C/O (EUR) | M1: Tổng thuế + VAT FR – KHÔNG có C/O (EUR) | N1: Tổng thuế + VAT NL – KHÔNG có C/O (EUR) | O1: Ngôn ngữ nhãn bắt buộc (DE / FR / NL) | P1: Khác biệt quốc gia cần lưu ý
A2: ='20 ma da xac minh'!A2 -> 1 | B2: ='20 ma da xac minh'!C2 -> 03061792 | C2: ='20 ma da xac minh'!D2 -> Tôm chi Penaeus đông lạnh | D2: ='20 ma da xac minh'!G2 -> 0 | E2: ='20 ma da xac minh'!K2 -> Xuất xứ thuần tuý (có/không) | F2: ='Tham so'!$B$15 -> 0.07 | G2: ='Tham so'!$B$16 -> 0.055 | H2: ='Tham so'!$B$17 -> 0.09 | I2: ='Tham so'!$B$4*(1+D2)*F2 -> 7000 | J2: ='Tham so'!$B$4*(1+D2)*G2 -> 5500 | K2: ='Tham so'!$B$4*(1+D2)*H2 -> 9000 | L2: ='Tham so'!$B$4*'20 ma da xac minh'!E2+'Tham so'!$B$4*(1+'20 ma da xac minh'!E2)*F2 -> 19840 | M2: ='Tham so'!$B$4*'20 ma da xac minh'!E2+'Tham so'!$B$4*(1+'20 ma da xac minh'!E2)*G2 -> 18160 | N2: ='Tham so'!$B$4*'20 ma da xac minh'!E2+'Tham so'!$B$4*(1+'20 ma da xac minh'!E2)*H2 -> 22080 | O2: Tiếng Đức / Tiếng Pháp / Tiếng Hà Lan | P2: Tên thương mại loài thuỷ sản phải theo danh mục do từng nước công bố; thông tin người tiêu dùng bắt buộc bằng tiếng nước sở tại
A3: ='20 ma da xac minh'!A3 -> 2 | B3: ='20 ma da xac minh'!C3 -> 03061799 | C3: ='20 ma da xac minh'!D3 -> Tôm loại khác, đông lạnh | D3: ='20 ma da xac minh'!G3 -> 0 | E3: ='20 ma da xac minh'!K3 -> Xuất xứ thuần tuý (có/không) | F3: ='Tham so'!$B$15 -> 0.07 | G3: ='Tham so'!$B$16 -> 0.055 | H3: ='Tham so'!$B$17 -> 0.09 | I3: ='Tham so'!$B$4*(1+D3)*F3 -> 7000 | J3: ='Tham so'!$B$4*(1+D3)*G3 -> 5500 | K3: ='Tham so'!$B$4*(1+D3)*H3 -> 9000 | L3: ='Tham so'!$B$4*'20 ma da xac minh'!E3+'Tham so'!$B$4*(1+'20 ma da xac minh'!E3)*F3 -> 19840 | M3: ='Tham so'!$B$4*'20 ma da xac minh'!E3+'Tham so'!$B$4*(1+'20 ma da xac minh'!E3)*G3 -> 18160 | N3: ='Tham so'!$B$4*'20 ma da xac minh'!E3+'Tham so'!$B$4*(1+'20 ma da xac minh'!E3)*H3 -> 22080 | O3: Tiếng Đức / Tiếng Pháp / Tiếng Hà Lan | P3: Tên thương mại loài thuỷ sản phải theo danh mục do từng nước công bố; thông tin người tiêu dùng bắt buộc bằng tiếng nước sở tại
A4: ='20 ma da xac minh'!A4 -> 3 | B4: ='20 ma da xac minh'!C4 -> 03046200 | C4: ='20 ma da xac minh'!D4 -> Phi lê cá tra đông lạnh | D4: ='20 ma da xac minh'!G4 -> 0 | E4: ='20 ma da xac minh'!K4 -> Nguyên liệu xuất xứ thuần tuý (có/không) | F4: ='Tham so'!$B$15 -> 0.07 | G4: ='Tham so'!$B$16 -> 0.055 | H4: ='Tham so'!$B$17 -> 0.09 | I4: ='Tham so'!$B$4*(1+D4)*F4 -> 7000 | J4: ='Tham so'!$B$4*(1+D4)*G4 -> 5500 | K4: ='Tham so'!$B$4*(1+D4)*H4 -> 9000 | L4: ='Tham so'!$B$4*'20 ma da xac minh'!E4+'Tham so'!$B$4*(1+'20 ma da xac minh'!E4)*F4 -> 12885 | M4: ='Tham so'!$B$4*'20 ma da xac minh'!E4+'Tham so'!$B$4*(1+'20 ma da xac minh'!E4)*G4 -> 11302.5 | N4: ='Tham so'!$B$4*'20 ma da xac minh'!E4+'Tham so'!$B$4*(1+'20 ma da xac minh'!E4)*H4 -> 14995 | O4: Tiếng Đức / Tiếng Pháp / Tiếng Hà Lan | P4: Tên thương mại loài thuỷ sản phải theo danh mục do từng nước công bố; thông tin người tiêu dùng bắt buộc bằng tiếng nước sở tại
A5: ='20 ma da xac minh'!A5 -> 4 | B5: ='20 ma da xac minh'!C5 -> 03043200 | C5: ='20 ma da xac minh'!D5 -> Phi lê cá tra tươi/ướp lạnh | D5: ='20 ma da xac minh'!G5 -> 0 | E5: ='20 ma da xac minh'!K5 -> Nguyên liệu xuất xứ thuần tuý (có/không) | F5: ='Tham so'!$B$15 -> 0.07 | G5: ='Tham so'!$B$16 -> 0.055 | H5: ='Tham so'!$B$17 -> 0.09 | I5: ='Tham so'!$B$4*(1+D5)*F5 -> 7000 | J5: ='Tham so'!$B$4*(1+D5)*G5 -> 5500 | K5: ='Tham so'!$B$4*(1+D5)*H5 -> 9000 | L5: ='Tham so'!$B$4*'20 ma da xac minh'!E5+'Tham so'!$B$4*(1+'20 ma da xac minh'!E5)*F5 -> 16630 | M5: ='Tham so'!$B$4*'20 ma da xac minh'!E5+'Tham so'!$B$4*(1+'20 ma da xac minh'!E5)*G5 -> 14995 | N5: ='Tham so'!$B$4*'20 ma da xac minh'!E5+'Tham so'!$B$4*(1+'20 ma da xac minh'!E5)*H5 -> 18810 | O5: Tiếng Đức / Tiếng Pháp / Tiếng Hà Lan | P5: Tên thương mại loài thuỷ sản phải theo danh mục do từng nước công bố; thông tin người tiêu dùng bắt buộc bằng tiếng nước sở tại
A6: ='20 ma da xac minh'!A6 -> 5 | B6: ='20 ma da xac minh'!C6 -> 03032400 | C6: ='20 ma da xac minh'!D6 -> Cá tra/cá da trơn nguyên con đông lạnh | D6: ='20 ma da xac minh'!G6 -> 0 | E6: ='20 ma da xac minh'!K6 -> Xuất xứ thuần tuý (có/không) | F6: ='Tham so'!$B$15 -> 0.07 | G6: ='Tham so'!$B$16 -> 0.055 | H6: ='Tham so'!$B$17 -> 0.09 | I6: ='Tham so'!$B$4*(1+D6)*F6 -> 7000 | J6: ='Tham so'!$B$4*(1+D6)*G6 -> 5500 | K6: ='Tham so'!$B$4*(1+D6)*H6 -> 9000 | L6: ='Tham so'!$B$4*'20 ma da xac minh'!E6+'Tham so'!$B$4*(1+'20 ma da xac minh'!E6)*F6 -> 15560 | M6: ='Tham so'!$B$4*'20 ma da xac minh'!E6+'Tham so'!$B$4*(1+'20 ma da xac minh'!E6)*G6 -> 13940 | N6: ='Tham so'!$B$4*'20 ma da xac minh'!E6+'Tham so'!$B$4*(1+'20 ma da xac minh'!E6)*H6 -> 17720 | O6: Tiếng Đức / Tiếng Pháp / Tiếng Hà Lan | P6: Tên thương mại loài thuỷ sản phải theo danh mục do từng nước công bố; thông tin người tiêu dùng bắt buộc bằng tiếng nước sở tại
A7: ='20 ma da xac minh'!A7 -> 6 | B7: ='20 ma da xac minh'!C7 -> 03048700 | C7: ='20 ma da xac minh'!D7 -> Phi lê cá ngừ đông lạnh | D7: ='20 ma da xac minh'!G7 -> 0 | E7: ='20 ma da xac minh'!K7 -> Nguyên liệu xuất xứ thuần tuý + điều kiện tàu | F7: ='Tham so'!$B$15 -> 0.07 | G7: ='Tham so'!$B$16 -> 0.055 | H7: ='Tham so'!$B$17 -> 0.09 | I7: ='Tham so'!$B$4*(1+D7)*F7 -> 7000 | J7: ='Tham so'!$B$4*(1+D7)*G7 -> 5500 | K7: ='Tham so'!$B$4*(1+D7)*H7 -> 9000 | L7: ='Tham so'!$B$4*'20 ma da xac minh'!E7+'Tham so'!$B$4*(1+'20 ma da xac minh'!E7)*F7 -> 26260 | M7: ='Tham so'!$B$4*'20 ma da xac minh'!E7+'Tham so'!$B$4*(1+'20 ma da xac minh'!E7)*G7 -> 24490 | N7: ='Tham so'!$B$4*'20 ma da xac minh'!E7+'Tham so'!$B$4*(1+'20 ma da xac minh'!E7)*H7 -> 28620 | O7: Tiếng Đức / Tiếng Pháp / Tiếng Hà Lan | P7: Tên thương mại loài thuỷ sản phải theo danh mục do từng nước công bố; thông tin người tiêu dùng bắt buộc bằng tiếng nước sở tại
A8: ='20 ma da xac minh'!A8 -> 7 | B8: ='20 ma da xac minh'!C8 -> 03034290 | C8: ='20 ma da xac minh'!D8 -> Cá ngừ vây vàng đông lạnh nguyên con (không dùng cho chế biến 1604) | D8: ='20 ma da xac minh'!G8 -> 0 | E8: ='20 ma da xac minh'!K8 -> Xuất xứ thuần tuý + điều kiện tàu | F8: ='Tham so'!$B$15 -> 0.07 | G8: ='Tham so'!$B$16 -> 0.055 | H8: ='Tham so'!$B$17 -> 0.09 | I8: ='Tham so'!$B$4*(1+D8)*F8 -> 7000 | J8: ='Tham so'!$B$4*(1+D8)*G8 -> 5500 | K8: ='Tham so'!$B$4*(1+D8)*H8 -> 9000 | L8: ='Tham so'!$B$4*'20 ma da xac minh'!E8+'Tham so'!$B$4*(1+'20 ma da xac minh'!E8)*F8 -> 30540 | M8: ='Tham so'!$B$4*'20 ma da xac minh'!E8+'Tham so'!$B$4*(1+'20 ma da xac minh'!E8)*G8 -> 28710 | N8: ='Tham so'!$B$4*'20 ma da xac minh'!E8+'Tham so'!$B$4*(1+'20 ma da xac minh'!E8)*H8 -> 32980 | O8: Tiếng Đức / Tiếng Pháp / Tiếng Hà Lan | P8: Tên thương mại loài thuỷ sản phải theo danh mục do từng nước công bố; thông tin người tiêu dùng bắt buộc bằng tiếng nước sở tại
A9: ='20 ma da xac minh'!A9 -> 8 | B9: ='20 ma da xac minh'!C9 -> 03077100 | C9: ='20 ma da xac minh'!D9 -> Nghêu, sò, điệp… sống/tươi/ướp lạnh | D9: ='20 ma da xac minh'!G9 -> 0 | E9: ='20 ma da xac minh'!K9 -> Xuất xứ thuần tuý (có/không) | F9: ='Tham so'!$B$15 -> 0.07 | G9: ='Tham so'!$B$16 -> 0.055 | H9: ='Tham so'!$B$17 -> 0.09 | I9: ='Tham so'!$B$4*(1+D9)*F9 -> 7000 | J9: ='Tham so'!$B$4*(1+D9)*G9 -> 5500 | K9: ='Tham so'!$B$4*(1+D9)*H9 -> 9000 | L9: ='Tham so'!$B$4*'20 ma da xac minh'!E9+'Tham so'!$B$4*(1+'20 ma da xac minh'!E9)*F9 -> 18770 | M9: ='Tham so'!$B$4*'20 ma da xac minh'!E9+'Tham so'!$B$4*(1+'20 ma da xac minh'!E9)*G9 -> 17105 | N9: ='Tham so'!$B$4*'20 ma da xac minh'!E9+'Tham so'!$B$4*(1+'20 ma da xac minh'!E9)*H9 -> 20990 | O9: Tiếng Đức / Tiếng Pháp / Tiếng Hà Lan | P9: Tên thương mại loài thuỷ sản phải theo danh mục do từng nước công bố; thông tin người tiêu dùng bắt buộc bằng tiếng nước sở tại
A10: ='20 ma da xac minh'!A10 -> 9 | B10: ='20 ma da xac minh'!C10 -> 07123200 | C10: ='20 ma da xac minh'!D10 -> Mộc nhĩ (Auricularia) khô | D10: ='20 ma da xac minh'!G10 -> 0 | E10: ='20 ma da xac minh'!K10 -> Nguyên liệu xuất xứ thuần tuý (có/không, dung sai 10%) | F10: ='Tham so'!$B$15 -> 0.07 | G10: ='Tham so'!$B$16 -> 0.055 | H10: ='Tham so'!$B$17 -> 0.09 | I10: ='Tham so'!$B$4*(1+D10)*F10 -> 7000 | J10: ='Tham so'!$B$4*(1+D10)*G10 -> 5500 | K10: ='Tham so'!$B$4*(1+D10)*H10 -> 9000 | L10: ='Tham so'!$B$4*'20 ma da xac minh'!E10+'Tham so'!$B$4*(1+'20 ma da xac minh'!E10)*F10 -> 20696 | M10: ='Tham so'!$B$4*'20 ma da xac minh'!E10+'Tham so'!$B$4*(1+'20 ma da xac minh'!E10)*G10 -> 19004 | N10: ='Tham so'!$B$4*'20 ma da xac minh'!E10+'Tham so'!$B$4*(1+'20 ma da xac minh'!E10)*H10 -> 22952 | O10: Tiếng Đức / Tiếng Pháp / Tiếng Hà Lan | P10: Thông tin người tiêu dùng bắt buộc bằng tiếng nước sở tại; kiểm dịch/SPS tại cửa khẩu theo quy định chung EU (không khác theo nước)
A11: ='20 ma da xac minh'!A11 -> 10 | B11: ='20 ma da xac minh'!C11 -> 07123900 | C11: ='20 ma da xac minh'!D11 -> Nấm khô loại khác (nấm hương…) | D11: ='20 ma da xac minh'!G11 -> 0 | E11: ='20 ma da xac minh'!K11 -> Nguyên liệu xuất xứ thuần tuý (có/không, dung sai 10%) | F11: ='Tham so'!$B$15 -> 0.07 | G11: ='Tham so'!$B$16 -> 0.055 | H11: ='Tham so'!$B$17 -> 0.09 | I11: ='Tham so'!$B$4*(1+D11)*F11 -> 7000 | J11: ='Tham so'!$B$4*(1+D11)*G11 -> 5500 | K11: ='Tham so'!$B$4*(1+D11)*H11 -> 9000 | L11: ='Tham so'!$B$4*'20 ma da xac minh'!E11+'Tham so'!$B$4*(1+'20 ma da xac minh'!E11)*F11 -> 20696 | M11: ='Tham so'!$B$4*'20 ma da xac minh'!E11+'Tham so'!$B$4*(1+'20 ma da xac minh'!E11)*G11 -> 19004 | N11: ='Tham so'!$B$4*'20 ma da xac minh'!E11+'Tham so'!$B$4*(1+'20 ma da xac minh'!E11)*H11 -> 22952 | O11: Tiếng Đức / Tiếng Pháp / Tiếng Hà Lan | P11: Thông tin người tiêu dùng bắt buộc bằng tiếng nước sở tại; kiểm dịch/SPS tại cửa khẩu theo quy định chung EU (không khác theo nước)
A12: ='20 ma da xac minh'!A12 -> 11 | B12: ='20 ma da xac minh'!C12 -> 07108069 | C12: ='20 ma da xac minh'!D12 -> Nấm đông lạnh loại khác | D12: ='20 ma da xac minh'!G12 -> 0 | E12: ='20 ma da xac minh'!K12 -> Nguyên liệu xuất xứ thuần tuý (có/không, dung sai 10%) | F12: ='Tham so'!$B$15 -> 0.07 | G12: ='Tham so'!$B$16 -> 0.055 | H12: ='Tham so'!$B$17 -> 0.09 | I12: ='Tham so'!$B$4*(1+D12)*F12 -> 7000 | J12: ='Tham so'!$B$4*(1+D12)*G12 -> 5500 | K12: ='Tham so'!$B$4*(1+D12)*H12 -> 9000 | L12: ='Tham so'!$B$4*'20 ma da xac minh'!E12+'Tham so'!$B$4*(1+'20 ma da xac minh'!E12)*F12 -> 22408 | M12: ='Tham so'!$B$4*'20 ma da xac minh'!E12+'Tham so'!$B$4*(1+'20 ma da xac minh'!E12)*G12 -> 20692 | N12: ='Tham so'!$B$4*'20 ma da xac minh'!E12+'Tham so'!$B$4*(1+'20 ma da xac minh'!E12)*H12 -> 24696 | O12: Tiếng Đức / Tiếng Pháp / Tiếng Hà Lan | P12: Thông tin người tiêu dùng bắt buộc bằng tiếng nước sở tại; kiểm dịch/SPS tại cửa khẩu theo quy định chung EU (không khác theo nước)
A13: ='20 ma da xac minh'!A13 -> 12 | B13: ='20 ma da xac minh'!C13 -> 07108095 | C13: ='20 ma da xac minh'!D13 -> Rau đông lạnh loại khác (đậu bắp, rau muống…) | D13: ='20 ma da xac minh'!G13 -> 0 | E13: ='20 ma da xac minh'!K13 -> Nguyên liệu xuất xứ thuần tuý (có/không, dung sai 10%) | F13: ='Tham so'!$B$15 -> 0.07 | G13: ='Tham so'!$B$16 -> 0.055 | H13: ='Tham so'!$B$17 -> 0.09 | I13: ='Tham so'!$B$4*(1+D13)*F13 -> 7000 | J13: ='Tham so'!$B$4*(1+D13)*G13 -> 5500 | K13: ='Tham so'!$B$4*(1+D13)*H13 -> 9000 | L13: ='Tham so'!$B$4*'20 ma da xac minh'!E13+'Tham so'!$B$4*(1+'20 ma da xac minh'!E13)*F13 -> 22408 | M13: ='Tham so'!$B$4*'20 ma da xac minh'!E13+'Tham so'!$B$4*(1+'20 ma da xac minh'!E13)*G13 -> 20692 | N13: ='Tham so'!$B$4*'20 ma da xac minh'!E13+'Tham so'!$B$4*(1+'20 ma da xac minh'!E13)*H13 -> 24696 | O13: Tiếng Đức / Tiếng Pháp / Tiếng Hà Lan | P13: Thông tin người tiêu dùng bắt buộc bằng tiếng nước sở tại; kiểm dịch/SPS tại cửa khẩu theo quy định chung EU (không khác theo nước)
... A21: ='20 ma da xac minh'!A21 -> 20 | B21: ='20 ma da xac minh'!C21 -> 08109020 | C21: ='20 ma da xac minh'!D21 -> Thanh long, vải, chanh leo, mít, khế… tươi | D21: ='20 ma da xac minh'!G21 -> 0 | E21: ='20 ma da xac minh'!K21 -> Nguyên liệu thuần tuý + ngưỡng đường 20% | F21: ='Tham so'!$B$15 -> 0.07 | G21: ='Tham so'!$B$16 -> 0.055 | H21: ='Tham so'!$B$17 -> 0.09 | I21: ='Tham so'!$B$4*(1+D21)*F21 -> 7000 | J21: ='Tham so'!$B$4*(1+D21)*G21 -> 5500 | K21: ='Tham so'!$B$4*(1+D21)*H21 -> 9000 | L21: ='Tham so'!$B$4*'20 ma da xac minh'!E21+'Tham so'!$B$4*(1+'20 ma da xac minh'!E21)*F21 -> 7000 | M21: ='Tham so'!$B$4*'20 ma da xac minh'!E21+'Tham so'!$B$4*(1+'20 ma da xac minh'!E21)*G21 -> 5500 | N21: ='Tham so'!$B$4*'20 ma da xac minh'!E21+'Tham so'!$B$4*(1+'20 ma da xac minh'!E21)*H21 -> 9000 | O21: Tiếng Đức / Tiếng Pháp / Tiếng Hà Lan | P21: Thông tin người tiêu dùng bắt buộc bằng tiếng nước sở tại; kiểm dịch/SPS tại cửa khẩu theo quy định chung EU (không khác theo nước)
A23: Cách tính: VAT nhập khẩu = (trị giá hải quan + thuế nhập khẩu) × thuế suất VAT. Trị giá lô minh hoạ lấy ở 'Tham so'!B4, giả định là trị giá CIF.
A24: VAT nhập khẩu được khấu trừ đối với nhà nhập khẩu đã đăng ký VAT → với khách hàng B2B, đây là dòng tiền, không phải chi phí. Thuế nhập khẩu thì không được khấu trừ.
A25: Thuế nhập khẩu và quy tắc xuất xứ là của cả Liên minh thuế quan EU: không phụ thuộc nước nhập khẩu. Chỉ VAT, ngôn ngữ nhãn, tên thương mại thuỷ sản và thủ tục kê khai VAT khác nhau.
A26: Cơ chế nộp/hoãn VAT nhập khẩu khác nhau giữa DE, FR, NL (ví dụ FR tự hạch toán, NL giấy phép hoãn) – chưa xác minh, cần tư vấn thuế từng nước.

Sheet Tham so
A1: Tham số tính toán
A3: Năm tính thuế EVFTA | B3: 2026 | C3: Năm hiệu lực 1/8/2020 = bậc 1; mỗi 1/1 giảm thêm một bậc
A4: Giá trị lô hàng minh hoạ (EUR) | B4: 100000
A6: Nhóm lộ trình | B6: Số bậc cắt giảm đều | C6: Ý nghĩa
A7: A | B7: 1 | C7: Xoá bỏ ngay từ 1/8/2020
A8: B3 | B8: 4 | C8: 0% từ 1/1/2023
A9: B5 | B9: 6 | C9: 0% từ 1/1/2025
A10: B7 | B10: 8 | C10: 0% từ 1/1/2027
A13: VAT nhập khẩu cho thực phẩm (thuế suất giảm)
A14: Nước | B14: VAT thực phẩm | C14: VAT chuẩn | D14: Ghi chú / nguồn
A15: Đức (DE) | B15: 0.07 | C15: 0.19 | D15: Thuế suất giảm 7% cho thực phẩm; chuẩn 19% – nguồn thứ cấp nhất quán (bảng VAT EU 2026); đối chiếu TEDB của Uỷ ban châu Âu trước go-live
A16: Pháp (FR) | B16: 0.055 | C16: 0.2 | D16: Thuế suất giảm 5,5% cho thực phẩm; chuẩn 20% – nguồn thứ cấp nhất quán (bảng VAT EU 2026); đối chiếu TEDB của Uỷ ban châu Âu trước go-live
A17: Hà Lan (NL) | B17: 0.09 | C17: 0.21 | D17: Thuế suất giảm 9% cho thực phẩm; chuẩn 21% – nguồn thứ cấp nhất quán (bảng VAT EU 2026); đối chiếu TEDB của Uỷ ban châu Âu trước go-live

Sheet RoO chung (Nghi dinh thu 1)
A1: Điều khoản | B1: Nội dung chính (tóm tắt tiếng Việt) | C1: Ảnh hưởng đến máy tính RoO
A2: Điều 2 | B2: Hàng có xuất xứ khi: (a) xuất xứ thuần tuý; hoặc (b) nguyên liệu không có xuất xứ đã qua gia công đủ theo Annex II | C2: Nhánh đầu tiên của cây quyết định
A3: Điều 3.1 | B3: Cộng gộp song phương: nguyên liệu xuất xứ EU được coi như xuất xứ VN (nếu gia công vượt Điều 6) | C3: Hỏi: nguyên liệu nhập từ EU có chứng từ xuất xứ không?
A4: Điều 3.2–3.13 | B4: Cộng gộp ASEAN (Annex III–IV) và vải Hàn Quốc (Annex V) – có điều kiện thông báo | C4: Không cần cho 20 mã này
A5: Điều 4.1(g) | B5: Thuỷ sản nuôi được coi là thuần tuý nếu sinh ra hoặc nuôi tại VN từ trứng, cá bột, cá giống, ấu trùng | C5: Tôm/cá nuôi từ giống nhập khẩu vẫn đạt
A6: Điều 4.1(h), 4.2 | B6: Hải sản đánh bắt ngoài lãnh hải chỉ thuần tuý nếu tàu đăng ký, mang cờ VN/EU và đáp ứng điều kiện sở hữu ≥50% | C6: Bắt buộc hỏi thông tin tàu cho cá ngừ
A7: Điều 5.3 | B7: Dung sai: nguyên liệu không đạt được dùng tối đa 10% trọng lượng hoặc giá xuất xưởng (Chương 2, 4–24, trừ thuỷ sản chế biến Chương 16) | C7: Áp dụng cho Chương 7, 8
A8: Điều 5.5 | B8: Dung sai không áp dụng cho sản phẩm xuất xứ thuần tuý | C8: Tôm, cá nguyên con: không có dung sai
A9: Điều 6.1 | B9: Thao tác không đủ: bảo quản, làm sạch, phân loại, đóng gói đơn giản, bóc vỏ/tách hạt, trộn đơn giản, xay xát gạo… | C9: Nếu chỉ làm các thao tác này trên nguyên liệu nhập → KHÔNG đạt dù quy tắc là 'từ nhóm bất kỳ'
A10: Annex I – Ghi chú 4.1 | B10: Nông sản Chương 6, 7, 8, 9, 10, 12 trồng tại một Bên có xuất xứ dù trồng từ hạt, củ, cành, giống nhập khẩu | C10: Không cần hỏi nguồn giống cây trồng
A11: Điều 13 | B11: Không thay đổi: hàng không được biến đổi khi quá cảnh; lưu kho/chia lô phải dưới giám sát hải quan | C11: Hỏi tuyến vận chuyển nếu qua nước thứ ba
A12: Điều 15.2 | B12: Chứng từ: C/O (EUR.1) do cơ quan có thẩm quyền VN cấp; hoặc tự khai xuất xứ cho lô ≤ 6.000 EUR (theo luật VN); hoặc nhà xuất khẩu được chấp thuận/đăng ký sau khi VN thông báo | C12: Máy tính tạo bản nháp EUR.1; gợi ý tự khai cho lô nhỏ
... A14: Điều 26 | B14: Lưu hồ sơ chứng minh xuất xứ tối thiểu 3 năm | C14: Lưu hồ sơ trong ComplianceCheck/Document

Sheet Nguon
A1: Nguồn | B1: Dùng cho
A2: EVFTA Appendix 2-A-1 Tariff Schedule of the Union – wtocenter.vn | B2: Thuế cơ sở, nhóm lộ trình Chương 3, 7, 8
A3: EVFTA Protocol 1 và Annex I, II – trungtamwto.vn/file/19690/protocol-1.pdf | B3: Quy tắc xuất xứ nguyên văn; Điều 2–6, 13, 15, 21, 26
A4: Annex 2-A EVFTA; CCI France Vietnam | B4: Cách tính bậc lộ trình A/B3/B5/B7
A5: TARIC (EU) | B5: Cần đối chiếu MFN hiện hành trước go-live
A6: Bảng thuế suất VAT EU 2026 (Tax Foundation, EuroCompta, TaxesLedger); TEDB – Uỷ ban châu Âu | B6: VAT thực phẩm DE 7%, FR 5,5%, NL 9% – cần đối chiếu TEDB
